id,lat,lon
0,31.29777779564236,121.43267406207337
1,31.2991786,121.4326466
1,31.2991518,121.4326242
1,31.298750850909506,121.43263875028353
1,31.29914831336588,121.43258459370304
2,31.299266700611003,121.43358618460731
3,31.29937029841636,121.43469104531326
4,31.299474447388477,121.4358017841601
4,31.2995191,121.436278
4,31.2996914,121.4362783
4,31.29936157057081,121.43626804658714
5,31.298483712092906,121.4363173193018
5,31.298488660818787,121.43621289225057
6,31.2975146215618,121.43623710306906
6,31.297518536788118,121.43615159548172
7,31.296548382703257,121.43618253215702
7,31.296550125694587,121.4361044946495
8,31.295491961299486,121.43624634254913
8,31.295485554567808,121.43615662959647
9,31.294566565396174,121.43641411967816
9,31.294551769350125,121.43632765911741
10,31.293633577491416,121.43663648858148
10,31.293617850394398,121.43654211131198
11,31.293008765554134,121.43694417349597
11,31.2927974,121.4367376
11,31.2928158,121.4368394
11,31.292843177364155,121.43698649505218
11,31.29305021522221,121.43693264095018
11,31.2930218,121.4367823
11,31.2930056,121.4366827
11,31.29290405676874,121.43697159642625
11,31.292751172773038,121.43685422214061
11,31.29273429313023,121.43675199025427
12,31.29323692162719,121.43816765063505
12,31.293070911596196,121.43821008175513
12,31.293281312206727,121.43815534264095
12,31.29314186455602,121.4381901537044
13,31.293452897670026,121.43932581288537
13,31.293295379055998,121.43936731019151
13,31.293509480975015,121.43930841219657
13,31.293368260378934,121.43934747545504
14,31.2936685278736,121.44046472676206
14,31.29352148782943,121.44050599282821
14,31.293739423749532,121.4404458560805
14,31.293591204388946,121.44048715174692
15,31.293902307854864,121.44159218760464
15,31.293746019800533,121.44163673469636
15,31.2938509,121.4418147
15,31.2940737,121.4420994
15,31.29396774546849,121.44157528118787
15,31.293812607654182,121.44161895184473
16,31.2941229,121.4431798
16,31.294139275856722,121.44276299721419
16,31.2942184,121.4431654
16,31.293966631311623,121.44281221701361
16,31.2938956,121.4426964
16,31.2938757,121.4432038
16,31.29419334887783,121.44275327586327
16,31.294044838875074,121.44278803072926
16,31.294229255991787,121.44261783346415
16,31.29389815767149,121.44281921390427
17,31.294250089696433,121.44385149057054
17,31.294361030928055,121.44381508519226
17,31.2941319,121.443778
17,31.29414984449231,121.44387718132721
17,31.293779739764123,121.44372062225753
17,31.2942092992945,121.44396997603513
17,31.29438809425646,121.4438175508057
17,31.294623,121.4433689
17,31.2937288,121.4436321
18,31.294448063116626,121.44489699097888
18,31.2947065,121.4453887
18,31.294588111739603,121.44484944038241
18,31.294339496848817,121.44492541228881
18,31.294414,121.4453372
18,31.294653234262615,121.44488258874283
18,31.2946544,121.4452729
18,31.294579784799442,121.44486513120552
18,31.2947166,121.4454542
18,31.294402290486865,121.44534056537854
19,31.2935536,121.4459012
19,31.293626886259435,121.44589044284581
19,31.293653826303498,121.44602777101268
19,31.293234150402526,121.44576904674764
19,31.29358741048928,121.44590429750782
19,31.293580785254,121.44558979467793
19,31.293331486562845,121.44571450457049
19,31.2940358,121.4455837
19,31.2939903,121.4458371
19,31.293604435170376,121.44567565941254
19,31.2939463,121.4456017
19,31.2939793,121.4459402
19,31.2937129,121.4455387
19,31.293586279748585,121.44556753528576
20,31.292580789580903,121.44614958929341
20,31.292579639480635,121.44623554920689
20,31.29253075522637,121.44588948049605
20,31.292545138800907,121.44595508243069
20,31.292460886629417,121.445660931565
20,31.292519023275606,121.44580310540054
21,31.29161261971419,121.44635157585887
21,31.291622079842455,121.44642076839617
21,31.291571486556506,121.44605885950942
21,31.29158405845157,121.44614562684808
21,31.291548085403743,121.44596769306402
21,31.29156035606396,121.44597692480247
22,31.290647516758785,121.44650978787003
22,31.29066327170493,121.44660439563935
22,31.291031,121.4465351
22,31.2909507,121.4462804
22,31.29098398982122,121.44627371172643
22,31.2909505,121.4460875
22,31.290627013794815,121.44634066950185
22,31.2905189,121.4463608
22,31.29061204399984,121.44631332360247
22,31.290579772900188,121.44618545701874
23,31.2893921,121.4467525
23,31.289724164340534,121.44668596966784
23,31.289744590365398,121.44679456231933
23,31.28969959089038,121.44651331988841
23,31.289680051735658,121.44641819108506
24,31.28881227617119,121.44687281599974
24,31.288835522259916,121.44700297137432
24,31.28878547919933,121.44669788576917
24,31.288777710549002,121.44661779308153
25,31.287845830087747,121.44702031305002
25,31.2874363,121.447179
25,31.287854427097464,121.44712735259886
25,31.287827768265466,121.44681993247342
25,31.287450868044903,121.44688637231542
25,31.28782528763674,121.44673540470666
25,31.287457,121.4467632
26,31.286907039975215,121.44711579090196
26,31.286913253770066,121.44722267317239
26,31.286893982559004,121.4469005035206
26,31.286889175794556,121.4468060665974
27,31.2858744,121.4472072
27,31.2859667247538,121.44719902743
27,31.28597258639702,121.44730121676183
27,31.28595306697708,121.44697542546888
27,31.285948017559363,121.44687711719855
28,31.285051172840912,121.44728667208672
28,31.2851639,121.4473695
28,31.2852566,121.447361
28,31.2852222,121.4470598
28,31.285035126667335,121.44708202635405
28,31.2851675,121.4469574
28,31.285165529810712,121.44718293194597
28,31.2852499,121.4469482
28,31.28508942710384,121.44701107437417
28,31.285056854696563,121.44737920937034
28,31.285027360022994,121.44697245130197
28,31.28525361050831,121.44717681161646
29,31.283847913399974,121.44720394132464
29,31.283862338956585,121.44741228169063
29,31.283823167091583,121.44698085036762
29,31.283873667427024,121.44751562634185
29,31.28383736725378,121.44710025880495
30,31.28285724605803,121.44728625462044
30,31.282868502503828,121.44748027144831
30,31.282808567058208,121.44717363267819
30,31.282875838644227,121.44761094532623
30,31.282850196935772,121.44720628278812
30,31.2826722,121.4472254
31,31.281744814814477,121.4473909984788
31,31.28175580710156,121.44755705497441
31,31.281761354135725,121.44769198329278
31,31.281740103018134,121.44729416919195
32,31.280609804985783,121.44748409381941
32,31.280615317494306,121.44766348511746
32,31.280629722036487,121.44779525220034
32,31.280604595317442,121.44740400175681
33,31.279503745413937,121.44764157238266
33,31.279543940562938,121.44782680932597
33,31.279561311695147,121.44794868727305
33,31.279489920013372,121.44754869323312
34,31.278498391380133,121.447947897381
34,31.27853564822305,121.44812222594678
34,31.27854249635994,121.4481970640198
34,31.27847191181205,121.44783842710885
35,31.2777536,121.4484397
35,31.2775527,121.4481498
35,31.277581810851196,121.44819180714664
35,31.277652043132363,121.44820627408417
35,31.2776159,121.4481232
35,31.27740480402265,121.44828250521068
35,31.277443583706408,121.4484421867324
35,31.277494644904447,121.44855858633734
35,31.27738383810967,121.44822568945266
36,31.276308478871268,121.44882564998134
36,31.27639078506721,121.44901554141386
36,31.276452798291068,121.44915007508165
36,31.276260424339515,121.44874370965877
37,31.27537887229087,121.44951357911123
37,31.2753129,121.4493892
37,31.275255898285693,121.4495106295691
37,31.275347705174337,121.44969478469247
37,31.275408525463867,121.44981234400889
37,31.275503,121.4497476
37,31.275227606189375,121.44944504597146
38,31.274192018535675,121.45027427157211
38,31.274261275243404,121.45041438368088
38,31.274331223500862,121.45055062599204
38,31.27413822403054,121.45015831701065
39,31.273299384404964,121.45097226409382
39,31.2733803,121.4512023
39,31.2732237,121.4507571
39,31.27312230254983,121.45101096379553
39,31.2731907330091,121.45114741022107
39,31.273259903793154,121.45128507914639
39,31.273053957026608,121.45087139694945
40,31.272083080763796,121.45172244396159
40,31.272148831878987,121.45185894332712
40,31.2721548,121.4520449
40,31.27222181096831,121.45199882620001
40,31.272010433595067,121.45157405663855
41,31.27108405217894,121.45240640674317
41,31.271136140477363,121.4525152938425
41,31.27118339492202,121.4526127743214
41,31.271203973824573,121.45265926893875
41,31.271007106238493,121.4522496501778
42,31.270037,121.4534133
42,31.2699783,121.4529424
42,31.2698512,121.4530141
42,31.27018628507226,121.4530210430977
42,31.2700191,121.4532917
42,31.270243774510618,121.45313394389972
42,31.27024768576292,121.45318170985404
42,31.270293992352947,121.45324724638975
42,31.269946004202993,121.4532177912693
42,31.270105680172897,121.45285662817162
43,31.26924689072094,121.45340263822429
43,31.269324748331957,121.45356391800752
43,31.269391708284914,121.45372395676971
43,31.26942597635171,121.45381659252378
44,31.268403944841214,121.4539160871014
44,31.268458550216657,121.45405127612466
44,31.268497378907792,121.45415858859857
44,31.268522735709844,121.45427984158073
45,31.267524348866377,121.45428671373094
45,31.2671256,121.4547892
45,31.267563220423423,121.45441664383722
45,31.267593337544284,121.45452157364915
45,31.267615124906392,121.45461073227438
46,31.2663308,121.4548822
46,31.2670604,121.4544746
46,31.26666608560242,121.45462508977805
46,31.267104547089865,121.45468761647962
46,31.2671256,121.4547892
46,31.26669913752708,121.45474305770533
46,31.266726859564763,121.454844609478
46,31.266757970268213,121.45494191251973
47,31.265349,121.4553926
47,31.2656576,121.4551363
47,31.265646353816997,121.45506453766944
47,31.265627417850386,121.45502149650432
47,31.26569022187985,121.45524278208059
47,31.26572827150294,121.4553696469476
47,31.265659480349424,121.45513559026027
48,31.26469922765496,121.45561862587019
48,31.264672807774414,121.45552287298372
48,31.2646987,121.4554072
48,31.2651128,121.4552179
48,31.26463872283233,121.45539919235561
48,31.264723740891363,121.45568288326147
48,31.264649536246452,121.45542444176027
48,31.26476464227701,121.45579825722027
49,31.263653257371974,121.45615044110845
49,31.263598589958224,121.45604833280696
49,31.263531789432033,121.4559218593124
49,31.26359247843807,121.45578583513662
49,31.2636182,121.4563156
49,31.26370534857136,121.45625263817657
49,31.2636354,121.4557801
49,31.26377284408165,121.456338209251
50,31.262731173219322,121.4568541009285
50,31.262647344819676,121.45689337661796
50,31.2625683,121.456396
50,31.262719652082772,121.45692454131846
50,31.262658332957262,121.45684059126634
50,31.2625432,121.4567772
50,31.262814949377624,121.45681714744791
50,31.2627278,121.4565563
50,31.262570076583927,121.45674503836733
50,31.263012,121.4568945
50,31.2631298,121.4569895
50,31.2624958,121.4564288
50,31.2629019,121.4570774
50,31.2627031,121.4570643
50,31.2624119,121.4572281
50,31.262584154618704,121.45691699649143
50,31.2626934,121.4572899
50,31.26301114641925,121.45690700464648
50,31.263100115347743,121.45707462660587
50,31.262863659500315,121.45711637413038
51,31.2615181,121.4578529
51,31.262087,121.4575471
51,31.261803378681883,121.45768711805688
51,31.2614071,121.4580008
51,31.2617812,121.4582549
51,31.2620614,121.4580192
51,31.261853759217622,121.45776442019952
51,31.26172167471707,121.45755721254534
51,31.261757904921268,121.45762415449093
51,31.261881438591335,121.45824394419935
51,31.262084362667945,121.45780728661637
51,31.261954118943006,121.45793106842517
51,31.26161390029328,121.45751775960743
52,31.260896778062556,121.45856549109473
52,31.260558,121.4584824
52,31.26085947382052,121.45844658491717
52,31.260764298888063,121.45826238098755
52,31.2604543,121.4587597
52,31.2608979891453,121.45855394231928
52,31.261105,121.4584741
52,31.2611371,121.4581746
52,31.260821869361305,121.4583576218261
52,31.260783717869504,121.45830905703009
53,31.25997638468456,121.45872939559722
53,31.2597088,121.4587675
53,31.25970862587778,121.458806625262
53,31.26000219035921,121.45882052022436
53,31.2597016,121.459148
53,31.2597078,121.4589922
53,31.259963686396603,121.45867520499071
53,31.260036856415358,121.45893324690061
53,31.26005794703177,121.45897105866611
54,31.25912423393512,121.45909916300518
54,31.25911579034932,121.45899416402261
54,31.2591504,121.4590966
54,31.258710265333097,121.459042536014
54,31.2586983,121.4593155
54,31.259095201268334,121.45891740705981
54,31.2587138,121.4589619
54,31.259129711164057,121.45921017266937
54,31.25913042227194,121.45929333761947
55,31.258047486094977,121.4592003793509
55,31.2579809,121.4592118
55,31.258037869569897,121.45906916157837
55,31.2578317,121.4590793
55,31.258034376480754,121.45900242282553
55,31.258035332951543,121.45921728506886
55,31.25804176184631,121.4593213619478
56,31.256945189301916,121.45921231798486
56,31.25694409943302,121.45909491212024
56,31.256944271181116,121.45901373852067
56,31.25694617136632,121.45933114400566
57,31.255815700871256,121.45921288287029
57,31.255814777223637,121.45911477591346
57,31.2555064,121.4591202
57,31.255814792647687,121.45902222337499
57,31.2554718,121.4590248
57,31.25546710460488,121.4591704940078
57,31.2554615,121.4593444
57,31.255816704684644,121.45934122852961
58,31.2547952057277,121.45921339324545
58,31.254797285878773,121.45910187276571
58,31.25480062500944,121.45900119163836
58,31.254806640210802,121.45905184598087
58,31.2546004,121.4590317
58,31.254793614273176,121.45933231157058
59,31.253690575059576,121.45903739313857
59,31.2539346,121.4591923
59,31.2539323,121.4590609
59,31.2540784,121.4589737
59,31.253695830893935,121.45894033920594
59,31.254072845323947,121.45917850628157
59,31.2540691,121.4593166
59,31.253681269803163,121.45916847097445
59,31.25367375117587,121.45928015107415
60,31.25251561603057,121.45891635809006
60,31.2525625,121.4591777
60,31.2523161,121.4587591
60,31.252566087962897,121.45879128272514
60,31.2526084,121.4588084
60,31.252530378706243,121.45879524074655
60,31.252498634947152,121.45904855387843
60,31.252583489695482,121.4590088221233
60,31.25249272346764,121.45917063149767
61,31.251412699808654,121.45871312039574
61,31.25135187186149,121.45911406199211
61,31.251369855680636,121.45900289483237
61,31.2515075,121.458617
61,31.251436098726543,121.45852984604963
61,31.2513001,121.458505
61,31.251393705715127,121.45884737512645
61,31.25140964394961,121.45860838450008
61,31.2516913,121.4590699
61,31.2509789,121.4589214
61,31.25143250915444,121.45860076978276
62,31.250445433984318,121.45852516017239
62,31.250384808512038,121.45890601264622
62,31.250482,121.4589282
62,31.250473631551436,121.45832879728897
62,31.2500386,121.4585699
62,31.2504271138396,121.45865309796733
62,31.250459239998403,121.4584423264709
62,31.2503208,121.4587726
62,31.25046838062109,121.45839210410605
62,31.250483623083294,121.45864315793102
62,31.2504854,121.4583311
62,31.250404160491904,121.45879144826196
63,31.24934053488474,121.45830404584407
63,31.2496243,121.4587324
63,31.249676361155633,121.45857995557445
63,31.249321381296973,121.45842969020887
63,31.2494351,121.4584542
63,31.249354552659465,121.45821226677548
63,31.2490254,121.4580382
63,31.2494357,121.4585794
63,31.249324501010566,121.45858016571607
63,31.249378634563648,121.45813202010218
63,31.2493237146566,121.458454371428
63,31.24927934391865,121.45874230976273
64,31.2482294,121.4580513
64,31.2481017,121.4584722
64,31.2482181,121.4581919
64,31.2479777,121.4578336
64,31.2478919,121.4583058
64,31.248216918152004,121.4580483180029
64,31.24819311175223,121.4581866809244
64,31.248240026162605,121.45789058661381
64,31.24816745669403,121.45848036521413
64,31.2486308,121.4585379
64,31.248172719813923,121.45833277098225
64,31.24815451005092,121.45854746480607
65,31.2470546,121.4576349
65,31.246976291891798,121.45787845547882
65,31.247524090726444,121.45745071912162
65,31.2469049,121.4581005
65,31.246975056386976,121.45814871877067
65,31.2470325,121.4581882
65,31.2471146868861,121.4579396881765
65,31.2472052,121.457666
65,31.247128260243333,121.45765011137827
65,31.24711140013042,121.45778420234261
65,31.2468052,121.4578968
65,31.247082243418756,121.45795466362294
65,31.247058420313,121.45801159792401
66,31.2459796,121.4576061
66,31.24639023686748,121.4580238033853
66,31.245981853846068,121.45790241575345
66,31.2464224,121.4579605
66,31.245980203120364,121.45747407788541
66,31.24599342011516,121.45753917159024
66,31.2459757,121.4574742
66,31.2463538,121.4573711
66,31.246008130744464,121.45732729904758
66,31.2459719,121.4573246
66,31.245997683456384,121.45760834277661
66,31.24598387551201,121.45777781391608
67,31.244791540145165,121.45775354976007
67,31.2444052,121.457863
67,31.2446110229828,121.45763678409101
67,31.2444662,121.4579857
67,31.244767742428138,121.45761352789695
67,31.2445246,121.4577464
67,31.2450696,121.4580064
67,31.244877861657024,121.45808182871126
67,31.24478141686753,121.45768290232579
67,31.2448334,121.4580202
67,31.244713977632653,121.45744365607291
67,31.244818455088616,121.45788256354412
67,31.245088,121.4576071
67,31.245075861348898,121.45787052192313
68,31.243849671037342,121.45809074354376
68,31.2435092,121.4581168
68,31.24354851791515,121.45830877040811
68,31.2435807,121.4584659
68,31.243908779355536,121.45828065269664
68,31.243888,121.457899
68,31.24398874571645,121.4584838887772
68,31.2440542,121.45845
68,31.243829532898335,121.45799994821199
68,31.243920332495822,121.45832603855679
68,31.2442051,121.457693
68,31.243783609330933,121.45795601336542
68,31.243846579173688,121.45802409659969
68,31.243885489111474,121.45821003808841
69,31.24295693951538,121.45845672597514
69,31.2429141,121.4582395
69,31.24289089421373,121.45824937713064
69,31.243027400116993,121.45868177129059
69,31.242938598657503,121.4585897781155
69,31.24309224443569,121.45889758063582
69,31.2433559,121.4581656
69,31.2431717,121.4582411
69,31.24292238458578,121.45834465512635
69,31.242912584220548,121.45839183226751
69,31.2426338,121.4588609
69,31.2429369,121.4588995
69,31.24299195748214,121.45857425200452
70,31.2424289,121.4586732
70,31.241988580287206,121.45886364706655
70,31.24192588741245,121.4586601151305
70,31.2419463,121.4591789
70,31.242057575170033,121.45915144666718
70,31.2418473,121.4587912
70,31.241954627928312,121.45874662049731
70,31.242072651348682,121.459120456758
70,31.24210271974824,121.45923923241375
70,31.24202737133295,121.45898629587116
71,31.241052816170004,121.45926838372931
71,31.240988270077317,121.4590591952907
71,31.2407348,121.4592561
71,31.241131654499608,121.45952169348296
71,31.2408303,121.4596485
71,31.24101450545153,121.45913921454884
71,31.24116037582892,121.45962301610271
71,31.241090164397196,121.45938664411372
72,31.2402542025987,121.45990477317034
72,31.24016566407884,121.45965309012006
72,31.240118037430225,121.45952966577232
72,31.24020395633573,121.4597490403596
72,31.2401864,121.4594932
72,31.240249277401514,121.4597373195099
72,31.2402885,121.4598896
73,31.2387248,121.4606695
73,31.239183913663403,121.46043559212535
73,31.239105206992235,121.46022604955498
73,31.23906082297675,121.46013442823215
73,31.2386985172467,121.46062926445619
73,31.239130228021207,121.46029123870447
74,31.2383243389808,121.46089821036948
74,31.2387248,121.4606695
74,31.23824930557173,121.46072242074887
74,31.2385758,121.4604414
74,31.2382209418506,121.4606634540073
74,31.238614891536546,121.4605012441576
74,31.238291550000525,121.46081734242304
75,31.237437350557126,121.461404785143
75,31.237366342857438,121.4612290806529
75,31.23734627655551,121.4611824076758
75,31.23740972053734,121.46133902909267
76,31.236536027072766,121.46184848071813
76,31.2366485,121.461815
76,31.23648691531213,121.46163722558254
76,31.2365539,121.4615485
76,31.23647875530372,121.46156814327139
76,31.2361243,121.4616608
76,31.2365954361989,121.46166551265335
76,31.236518533613495,121.46176054772073
77,31.235634535570274,121.46207533769804
77,31.2360025,121.4620073
77,31.235601310832905,121.4618416656173
77,31.2355921316952,121.46175667420556
77,31.2352764,121.4621932
77,31.23564538463997,121.46209873058177
77,31.235584311592827,121.46170358942462
77,31.2355783,121.4617047
77,31.235622320871276,121.46197855365102
78,31.234605518392495,121.46203018223345
78,31.2348432,121.4618916
78,31.234592344754436,121.4619382519619
78,31.23464524642211,121.46231739945118
78,31.23465597635479,121.4623531428323
78,31.234580612118855,121.46190905957293
78,31.23463824420396,121.46226451166591
78,31.23462810330346,121.46219485300264
78,31.2349003,121.4622111
78,31.2348787344773,121.46208000873925
78,31.2349188,121.4622917
78,31.2348806,121.4620899
79,31.233633090704455,121.46223062819635
79,31.2334955,121.4622616
79,31.23362232151591,121.46211864877623
79,31.2333833,121.4621631
79,31.2335923,121.4625246
79,31.2336762336452,121.46250808339764
79,31.233677015330272,121.46257356435922
79,31.2336445,121.462125
79,31.233544789405205,121.46221641253186
79,31.233626057131865,121.46212819159645
79,31.233669972167817,121.46246186285332
79,31.2333299,121.4624429
79,31.233660606602363,121.4623986068602
80,31.23283601625712,121.46246628573513
80,31.2328249,121.4623219
80,31.2328267,121.4622527
80,31.2329733,121.4623665
80,31.2326767535756,121.46237671592311
80,31.232670327690972,121.46233490664177
80,31.2325961,121.4625658
80,31.232682668431323,121.46256088333453
80,31.2322419,121.4623111
80,31.232663813838393,121.46226896633351
80,31.232466,121.4623521
80,31.2327546,121.462279
80,31.232676858415584,121.46228034811996
80,31.23269352001988,121.46269457757903
80,31.2327548,121.462689
80,31.2328462,121.4626846
80,31.2326212284516,121.4625853074054
80,31.2328916,121.4626001
80,31.2326857461182,121.4626136939181
80,31.2328426,121.4625518
80,31.232680433275704,121.46250262535969
80,31.233068,121.4624757
81,31.231758346586663,121.46242045712034
81,31.232112,121.4623203
81,31.231770422160853,121.46263104931043
81,31.23175696243621,121.46234085954042
81,31.231757122293118,121.46241282917651
81,31.231753928840174,121.46230119006516
81,31.231780844137397,121.46277764747971
81,31.23177177680171,121.46267404946697
81,31.231766593013617,121.46256611243481
82,31.23080336223438,121.46249502700138
82,31.2311683,121.4628334
82,31.2306387,121.4628844
82,31.230811860792162,121.46272934236012
82,31.2303968,121.4627396
82,31.230815506776306,121.46270651163655
82,31.23080079136121,121.46239622956287
82,31.23080272896743,121.46249459154565
82,31.2307305,121.4624003
82,31.2304452,121.46242
82,31.23082803918471,121.46286616680813
82,31.2310078,121.4627245
82,31.23079043464814,121.46239286936563
82,31.230811033369072,121.4626324978738
83,31.229777727240933,121.46270252336532
83,31.229769187378054,121.46258723562768
83,31.22977454623732,121.46256739137395
83,31.2294736,121.4629139
83,31.2294646,121.4627946
83,31.2294529,121.462506
83,31.229786406109195,121.46271219338087
83,31.22977196277031,121.46258255990439
83,31.229455,121.4626092
83,31.229765017037202,121.46247842108082
83,31.2297274,121.4627985
83,31.229458357911753,121.46267404967072
83,31.2299303,121.4625632
83,31.22978492252841,121.46279367317406
83,31.2299797,121.4625651
83,31.2298394,121.4627
84,31.228783801586598,121.46287311591843
84,31.22876629876748,121.46279085649007
84,31.22874032755306,121.46265215597526
84,31.22879178281942,121.4629441353909
84,31.2286293,121.462681
84,31.228811376631988,121.46298424659331
84,31.228827944760877,121.46307134088715
84,31.2283256,121.4627489
84,31.2288991,121.4625719
84,31.228737420978828,121.46260741774786
84,31.2292112,121.4626346
84,31.228754129341986,121.46273856253494
84,31.2286491,121.4630359
84,31.2284578,121.4631823
85,31.227895992617075,121.46329020989236
85,31.22785109693666,121.46319746825183
85,31.2282882,121.4631188
85,31.2275895,121.4630521
85,31.227813188956848,121.46309188135797
85,31.228199,121.4629161
85,31.227791851313118,121.46296875138141
85,31.2278307,121.4630918
85,31.2276514,121.4636099
85,31.2276347,121.4634794
85,31.2276885,121.4634515
85,31.227902551247077,121.46331763820602
85,31.227934164010666,121.46337987720169
85,31.2276878,121.4635906
85,31.2278672,121.4634924
85,31.22795459613134,121.46344493379466
85,31.2282209,121.4633003
85,31.227619598598302,121.46326849603386
85,31.227834221712857,121.46348485208762
85,31.227729760739237,121.46361309151852
85,31.227823803299803,121.46309502695487
85,31.2276142,121.4631931
86,31.227088645889662,121.46394091327227
86,31.2273566,121.4636917
86,31.227042360545077,121.46387341158349
86,31.2273383,121.4635831
86,31.226970040399664,121.46376311692762
86,31.227148576239635,121.46401922038999
86,31.2268045,121.4641919
86,31.22707052685171,121.46391057110789
86,31.2274144,121.4637541
86,31.227198965414726,121.4640599648657
86,31.2267041,121.4637172
86,31.2273167,121.4634498
86,31.2269667,121.4636488
86,31.2269908,121.4641544
86,31.227139684723316,121.46401678578447
86,31.226952384412012,121.46374418094864
87,31.226366134325833,121.46468811094509
87,31.22631651144369,121.46462312358977
87,31.226376148008008,121.46463987104137
87,31.226327073323926,121.46458008234026
87,31.226289014017688,121.46473707592412
87,31.2264342,121.4645877
87,31.2265114,121.4645112
87,31.226177,121.464574
87,31.22642946493804,121.46457473831089
87,31.2259112,121.4643826
87,31.22588675291617,121.46453142265172
87,31.22624923059347,121.46461196532546
87,31.2260287,121.4645594
87,31.226216783404944,121.46452134549345
87,31.226210251609594,121.46467755884873
87,31.226360929568198,121.46467491144342
87,31.2262513,121.4648054
87,31.22632277155622,121.46458176465909
87,31.226347,121.464349
87,31.226106738988257,121.46474932001578
87,31.226317490664247,121.4646309141796
87,31.226231367812456,121.46467281941172
87,31.22651748307922,121.46452728107721
88,31.225684278759523,121.46540064408956
88,31.22563221806146,121.46533230859636
88,31.2257086,121.4649685
88,31.225572434710255,121.46523925807793
88,31.2257917,121.4650727
88,31.225595467449665,121.46528783373753
88,31.225771890580535,121.4656226826073
88,31.2254191,121.4653791
88,31.22551586327512,121.46523395508731
88,31.2257844,121.4656149
88,31.2254065,121.4658395
88,31.22574380508412,121.46547432899911
88,31.2255756,121.4651307
88,31.225605128484666,121.46512277472415
88,31.225518694744416,121.46519371273399
88,31.225672,121.4656752
88,31.225769586127964,121.46541898330119
88,31.2254884,121.4658489
88,31.225706225780076,121.46542635344096
88,31.2258098,121.4653134
88,31.2252936,121.4658089
89,31.22495456021664,121.46603178430388
89,31.2252936,121.4658089
89,31.2250309,121.4659555
89,31.2249882,121.4659041
89,31.2249134,121.4658269
89,31.2254065,121.4658395
89,31.2246164,121.4664577
89,31.224886362369496,121.4658708423636
89,31.225041105984822,121.46616195326041
89,31.2245987,121.4661197
89,31.2245365,121.4662937
89,31.224916183576276,121.46596621556051
89,31.224857199425216,121.46587632226914
89,31.225089804783366,121.4662247310012
89,31.2251811,121.4661379
89,31.2250897,121.4660299
89,31.22500752480586,121.46610306234355
89,31.225005623038005,121.4661058943468
90,31.224177932382002,121.46662965904993
90,31.2237866,121.4666328
90,31.2238302,121.4667428
90,31.224252713518307,121.46680667729785
90,31.2239495,121.4670205
90,31.2243166,121.4667685
90,31.22411252659131,121.46652104427207
90,31.2239116,121.4669164
90,31.22390197193042,121.46689586642655
90,31.2243832,121.4662754
90,31.22409557128435,121.466447707246
90,31.2245063,121.4661849
90,31.22414586609606,121.46655873407099
90,31.22426539596268,121.46685147276897
90,31.224211883391582,121.46671299913035
90,31.224215064241427,121.4667188985137
90,31.224635802934266,121.46652117531355
90,31.2245365,121.4662937
90,31.2246164,121.4664577
91,31.223334203417927,121.46700810322723
91,31.223356907259788,121.46713097384762
91,31.2237866,121.4666328
91,31.223682,121.4668112
91,31.22330935913135,121.46698278418181
91,31.2231165,121.467039
91,31.2233668,121.4671281
91,31.2232382,121.4673476
91,31.223375521852656,121.4672164315555
91,31.223299035270315,121.46695396979833
91,31.2234586,121.466783
91,31.2233002,121.4668469
91,31.2230677,121.4668976
91,31.22325308286638,121.46687390114909
91,31.2230718,121.4670726
91,31.2232106,121.4672268
91,31.223367540807075,121.46715730723749
91,31.223381586488177,121.46732062070024
92,31.2224064,121.4675163
92,31.222452365143102,121.46743085170507
92,31.222443991091946,121.46735549654812
92,31.22242635383532,121.46718934674907
92,31.22246497773941,121.46750685162758
92,31.2225839,121.4674151
92,31.222401882770168,121.46702487633686
92,31.222419042197615,121.46711713479029
92,31.22243424898024,121.46720746399701
92,31.222444060414816,121.46738755919273
93,31.22148415997801,121.46736196766281
93,31.2213703,121.4673361
93,31.221489829087954,121.46734531207812
93,31.2210622,121.4673898
93,31.221077868189642,121.46745491520171
93,31.22150403137431,121.46716791723902
93,31.221459989572626,121.4674896119121
93,31.221507368464643,121.46701493681213
93,31.221506411943633,121.46710337066317
93,31.2215054450403,121.46718664398377
93,31.2214378,121.4670968
93,31.22148797677635,121.4673844780628
94,31.220572423937902,121.46713677433267
94,31.2208556,121.4670212
94,31.22060329847346,121.46696109453545
94,31.2202571,121.467058
94,31.220549321005983,121.4672466941542
94,31.22059792450746,121.46700128112603
94,31.2206168909079,121.46689253876667
95,31.219675610262957,121.46664288401826
95,31.21961898235856,121.46686854761235
95,31.219601754737486,121.46696188529359
95,31.219642255959556,121.46675316647732
95,31.219659718055972,121.46665437194758
95,31.2196145,121.4669653
96,31.218758188483115,121.46637381488135
96,31.2183026,121.4662665
96,31.218718334812753,121.46660115204622
96,31.218695550002277,121.46671909522817
96,31.2189822,121.4665818
96,31.21875090481867,121.4664876191483
97,31.217872158908335,121.46616047737552
97,31.2175028,121.4660695
97,31.217835003461527,121.4663653638147
97,31.2174437,121.4663837
97,31.217811956159345,121.46648236306535
97,31.21746942806232,121.46624691899864
97,31.21785948647416,121.46623695674894
98,31.216962919379583,121.46592281142831
98,31.216921905881936,121.46614007793634
98,31.21690082491985,121.46625294930475
98,31.21694259368137,121.46600714256445
99,31.216008347961715,121.4657379
99,31.2156508,121.4657379
99,31.216008526773738,121.46599841767511
99,31.2156562,121.4661132
99,31.216001471883292,121.46611993633077
99,31.215654341656744,121.46598404514359
99,31.216008347961715,121.4658515
100,31.21491193412108,121.46594442975422
100,31.214980636780094,121.46616806292484
100,31.215008598077638,121.46625444401948
100,31.214939043800825,121.46600771281776
101,31.214054040616375,121.46640160429575
101,31.214157664487505,121.46664837972439
101,31.21419832660977,121.46673469868232
101,31.214081511485336,121.4664804895345
102,31.213072445261545,121.46699275528812
102,31.2131229,121.467291
102,31.213192913666052,121.46724751938011
102,31.2127374,121.467679
102,31.213238049878406,121.46734398661266
102,31.21311629640564,121.46707855054301
103,31.212078068377608,121.46759786813449
103,31.21218735364329,121.46786302789528
103,31.212244662295525,121.46798413086726
103,31.2122481,121.4679819
103,31.212217693509956,121.46793198280409
103,31.21211340821069,121.46769995435021
104,31.211248930067846,121.46850286125495
104,31.211102044484505,121.4681489209396
104,31.2108895,121.4686879
104,31.211204789543814,121.46840187816608
104,31.2110332,121.4686263
104,31.211246912133223,121.46852752292271
104,31.211633,121.4682831
104,31.211145539313698,121.46822515342087
105,31.2107203,121.4683423
105,31.2104049,121.4684578
105,31.210463555892776,121.46851783978862
105,31.21034304106021,121.46881529228737
105,31.2104443,121.4688899
105,31.21025299035837,121.4685154499194
105,31.2100439,121.4685948
105,31.2098846,121.4686552
105,31.2102122,121.4689841
105,31.210369215615607,121.46892037371396
105,31.210262,121.4683118
105,31.2105418,121.4682393
105,31.210728998819476,121.46892105339973
105,31.21052733712779,121.46864459295662
105,31.2104295,121.4682715
105,31.210349802944584,121.46871049920945
105,31.21012148813582,121.46850330955316
105,31.21028398789922,121.46879008453767
105,31.210276424278092,121.46862004522137
105,31.210319665674636,121.46897880757281
105,31.2105739,121.469103
105,31.2105785,121.468926
105,31.2106771,121.4692157
106,31.2090683,121.4689587
106,31.209359167407065,121.46898045399108
106,31.209411077221546,121.46917796139977
106,31.2091734,121.4693806
106,31.209327016634486,121.46886250926305
106,31.209105806085173,121.46910925963209
106,31.209441919499966,121.46927810868142
107,31.20836778246037,121.46922706591577
107,31.2081577,121.4693056
107,31.2082022,121.4692905
107,31.208398870729365,121.46933500335645
107,31.20844830878143,121.46952152156375
107,31.2082554,121.4697149
107,31.208201583373032,121.46948944303564
107,31.208222424376032,121.46945183881934
107,31.208481625858298,121.4696245791848
108,31.207543013641864,121.46984457260453
108,31.20746681459956,121.4695547463299
108,31.20756152463206,121.46997695354402
108,31.207574887890978,121.46997480315238
108,31.2075906,121.4699694
108,31.207496240944945,121.46966826163452
109,31.2067524,121.4701267
109,31.206673435531965,121.47015463059637
109,31.20659819751722,121.4698679860626
109,31.2070621,121.4701067
109,31.206703073243435,121.47027460678707
109,31.206629371028743,121.46998831707756
110,31.2058439,121.47014
110,31.20572132271411,121.4704914033183
110,31.20563915698976,121.4702287160788
110,31.205747429938583,121.47061499922178
110,31.2059808,121.4705456
110,31.205680299113343,121.47033872216916
111,31.2049173,121.4705415
111,31.204955721098123,121.47072209714295
111,31.2049814,121.4708428
111,31.204729851705665,121.4708420974629
111,31.20467330829585,121.4706328213618
111,31.204749459626466,121.47092215080369
111,31.204692926902805,121.47070326804209
112,31.20383641596025,121.47115811546226
112,31.203784504071134,121.47096548354178
112,31.2036646,121.4712933
112,31.20385359742972,121.47122864071835
112,31.203802942369425,121.47103185759032
113,31.2026054,121.471474
113,31.202889062141683,121.47149320487405
113,31.2028496,121.4713154
113,31.2026335,121.4715836
113,31.202929477898547,121.47163063342443
113,31.202859244999544,121.47138027835587
114,31.2019261,121.4716334
114,31.201867109528994,121.47193036191776
114,31.201821680159707,121.47176061008587
114,31.201791451405356,121.47162510052843
114,31.2016765,121.4716625
114,31.201847449478464,121.4718582171028
114,31.201894687035402,121.47193496024673
114,31.201909200117523,121.47203125292324
114,31.2019378,121.4719045
114,31.201805127674135,121.47166955374269
115,31.200732832386223,121.47234533414495
115,31.20068736578203,121.47217543426729
115,31.200637489184107,121.47202057372047
115,31.200710433166314,121.47226178194319
115,31.200760260164575,121.4724424975109
115,31.20078301184985,121.47251815020142
115,31.2004676,121.4725528
115,31.200660558337766,121.47207076198237
116,31.2000826,121.4726478
116,31.1997783,121.4729666
116,31.19978850092571,121.47256507525043
116,31.1995681,121.472207
116,31.1994955,121.4721581
116,31.1995579,121.4721087
116,31.199823680865013,121.47250382414559
116,31.1999675,121.4727794
116,31.1997946,121.4722349
116,31.199784141835416,121.4723726280821
116,31.199398350622968,121.47276373826666
116,31.199852302445283,121.47259844599735
116,31.1994776,121.4729961
116,31.199912958779418,121.47284503636267
116,31.199912197680696,121.47278936350968
116,31.19999708835419,121.47274557004856
116,31.199869933839334,121.47224472767356
117,31.198782786343468,121.47308774694737
117,31.198708835940824,121.47302029245614
117,31.19854371870601,121.47286913800586
117,31.19874487191654,121.4731096462823
117,31.1985578,121.4726251
117,31.1989916,121.4726984
117,31.19882163636951,121.4733237906349
117,31.198641540106635,121.47284537135097
117,31.198745647677097,121.47335156526628
117,31.198773912657067,121.47303940986137
117,31.198352477022688,121.47279685955823
117,31.1991281,121.4733798
117,31.1987883,121.4731023
117,31.199045,121.473349
117,31.199080827511093,121.4729319571033
117,31.199166,121.4731549
118,31.1979609,121.4734326
118,31.197799383366704,121.47344922979991
118,31.197828011228086,121.473513777656
118,31.1980003,121.4735178
118,31.197957386998812,121.47380012016438
118,31.197759821597188,121.47336512902456
118,31.19791721135113,121.47371667278134
118,31.19786592877039,121.47359756572945
118,31.19777458545255,121.47339470542433
119,31.1969441221891,121.47394305774817
119,31.196971182307212,121.4740180354339
119,31.19709493967428,121.47431527966432
119,31.197155,121.4742809
119,31.1972808,121.4742212
119,31.1970791,121.473787
119,31.1969993,121.4738426
119,31.196931235554494,121.47387451264497
119,31.197197348402995,121.47404155357749
119,31.197096471776153,121.4741161413583
119,31.19704836205956,121.4742058165122
119,31.19700717836834,121.47410733893336
119,31.196923229377596,121.47394337909046
119,31.1968444,121.4739968
120,31.19608748890527,121.47441301331394
120,31.196187434917878,121.47477610521312
120,31.19605169036503,121.47426821278187
120,31.196139822256914,121.47459932448454
120,31.196111010115406,121.47449739474753
120,31.196069180095385,121.47433684171423
121,31.1951757,121.4753398
121,31.195320771145006,121.47528541885731
121,31.1951713,121.4747647
121,31.19517634238899,121.47476276443729
121,31.195225659327054,121.47494015294181
121,31.1951951,121.4748518
121,31.195314813513402,121.47487732389048
121,31.1956172,121.4751743
121,31.195082499123135,121.47466249868732
121,31.19515341153472,121.47533470144056
121,31.1952013,121.4745763
121,31.1954465,121.4748656
121,31.195151573639933,121.47467856293909
121,31.195200583913227,121.47484967803669
121,31.1953876,121.4745865
121,31.195160574540242,121.47458638439956
122,31.194494740810654,121.47576108483968
122,31.194577,121.4749881
122,31.1942765,121.4750936
122,31.194271184188292,121.47509565791762
122,31.1945839,121.4750877
122,31.1943025,121.4752008
122,31.194300908252778,121.47520142311431
122,31.1944178,121.4750128
122,31.19447838796407,121.47521140759304
123,31.19326478508463,121.47548526661274
123,31.193295673315173,121.47559493803075
124,31.19228749179557,121.47586360753307
124,31.192319462399553,121.4759770910405
125,31.191318219997626,121.4762388430823
125,31.1913512236843,121.47635612320789
126,31.19039314159569,121.47661324930617
126,31.190428861094627,121.47673284260372
127,31.189409533101173,121.4770164001436
127,31.189446209000895,121.47713889052457
128,31.188433156560674,121.47741658682575
128,31.18847074749681,121.47754196717612
129,31.1879437,121.4776172
129,31.187484069803745,121.47781045698274
129,31.187522860339946,121.47793653887551
129,31.187454185936744,121.47792632333984
129,31.1875657405618,121.4779239556993
130,31.186551810559415,121.4782024364701
130,31.186590360466838,121.47832776442006
131,31.18560889488158,121.47859889658164
131,31.1856471833226,121.478723469559
131,31.185791040637607,121.47864974702574
132,31.184592005389447,121.47902645986328
132,31.184630033614127,121.47915020950832
133,31.18356364287781,121.47945670427127
133,31.183599641187506,121.47958126851825
133,31.1836137,121.4794378
133,31.1836509,121.479561
134,31.182618409621288,121.47981367536988
134,31.182658693502578,121.47995333362074
134,31.18267941082093,121.47982182186482
135,31.181511153730593,121.48013306620008
135,31.18152316247464,121.48028735755668
135,31.18142681632472,121.4801527708738
136,31.180511566274358,121.48001392654135
136,31.180475269537503,121.4801579124552
136,31.180454870833994,121.4799603478851
136,31.180257476678616,121.47986631406164
136,31.1801718,121.4800963
137,31.179673280457326,121.47945979917598
137,31.179558525694485,121.47962793285048
137,31.179490173551514,121.47963253125909
138,31.179029804443132,121.47871488306936
138,31.178885622925456,121.47881928442835
138,31.178941034459104,121.47878471483209
139,31.178467128764513,121.47773582440628
139,31.178366508009773,121.4778057189429
139,31.17841999859003,121.47776304737728
139,31.178512994555756,121.47769745685096
139,31.1786287,121.478048
140,31.1779478471116,121.47673250808067
140,31.17785111462165,121.47679941969426
140,31.177929396578676,121.47673909004473
140,31.178060002675895,121.47665284356354
141,31.177371440048102,121.47561881840235
141,31.17727915683597,121.47568267915534
141,31.177385742538487,121.47560440545736
141,31.1773918,121.475384
141,31.17747562255711,121.475545125582
142,31.176777010242326,121.47456464644745
142,31.176678105698382,121.47462892626699
142,31.1769965,121.474792
142,31.176817732114934,121.47450271281886
142,31.1767282,121.4743897
143,31.17609832131902,121.47393005531808
143,31.176035835469502,121.47404109162524
143,31.176191,121.4738978
143,31.1761016,121.4738575
143,31.1761902,121.4734039
143,31.17628471534491,121.47357708443683
143,31.1762334133149,121.47357721227813
144,31.17581255736143,121.47263185233938
145,31.175415102717245,121.47157923425219
146,31.1748987,121.4699688
146,31.174911313062193,121.46996346001697
146,31.17504322851419,121.47041952123345
146,31.174682,121.4708573
147,31.174677455750267,121.46923338913467
148,31.174370354366168,121.46821259110307
149,31.173410879427696,121.4678431637021
149,31.17349349706393,121.46799914535515
150,31.1728377,121.4682661
150,31.172602751268457,121.46842872007382
150,31.172658756576087,121.46857920615689
150,31.1728654,121.4684463
150,31.172861683825403,121.46842212474144
151,31.171744175483983,121.46888340588971
151,31.1713695,121.4690602
151,31.171792775460847,121.46901182062484
151,31.171371749964308,121.46906760184336
151,31.1714154,121.4692112
152,31.170831004009518,121.46927515906381
152,31.170871333783342,121.46941816964669
153,31.169982,121.4695764
153,31.170065,121.4695503
153,31.16999109307978,121.46962002513276
153,31.1700156,121.4697376
153,31.16989546813852,121.46959815199992
153,31.1700921,121.4697146
153,31.170074262851998,121.4696064581765
153,31.16992338267563,121.46975893258112
154,31.16875371727106,121.46993256097387
154,31.169003445883806,121.469803902946
154,31.1685996,121.4698795
154,31.16861239261637,121.46996078059748
154,31.1686225,121.470025
154,31.169023448446545,121.46995242647921
155,31.167990592629195,121.46998240235185
155,31.168006140756045,121.47011680120414
156,31.166979903601842,121.47015317578234
156,31.1667016,121.4702002
156,31.1666186,121.4702134
156,31.1665964,121.469846
156,31.1666453,121.470355
156,31.1667278,121.470341
156,31.166997977669933,121.47029185763405
156,31.166632235851164,121.47028571597473
156,31.16671344965996,121.47026388061536
157,31.166040849602577,121.47030873143456
157,31.166055108604123,121.4704365277819
158,31.1655156,121.4703954
158,31.16498957984627,121.47057505529806
158,31.165119583633867,121.47046199724947
158,31.16513357949978,121.47057566750163
158,31.1655283,121.4705093
159,31.164151132598363,121.47062485964793
159,31.164165124678874,121.47073850152438
160,31.16319313153067,121.470785964697
160,31.16320712013895,121.47089957845814
160,31.1629289,121.4705749
160,31.1630409,121.4711412
160,31.162994021611258,121.47090417114691
161,31.161852,121.4710115
161,31.162030401957622,121.47098149851345
161,31.1620443865203,121.47109507812259
161,31.1618694,121.4711245
161,31.162071153946528,121.47130745534933
161,31.16199770862632,121.4707480713169
162,31.161088379912638,121.47114057706357
162,31.16110284628397,121.47125625000265
162,31.1613987,121.4708467
162,31.161127790974742,121.47146621605258
162,31.16105993797573,121.47090222505216
163,31.1601476,121.4712996
163,31.1600759,121.4713134
163,31.160054398263284,121.47131754869343
163,31.1602335,121.4716135
163,31.1601792,121.471415
163,31.16015536101457,121.47132794243929
163,31.1600827,121.4710624
163,31.160086897441246,121.47135353892592
163,31.1601076,121.4714291
163,31.160071382665468,121.47143623412148
164,31.159079868488522,121.47139562199769
164,31.15907920174245,121.47153123002526
165,31.158036234602747,121.47146016434792
165,31.15805522899329,121.47133019435921
165,31.1584927,121.4713733
166,31.1570245,121.4712577
166,31.157041,121.4711289
166,31.157145715306527,121.47128195713022
166,31.157164530053596,121.47115341705005
167,31.1560112,121.4710464
167,31.1560477,121.470915
167,31.156052135303003,121.47089905300919
167,31.1558865,121.4710191
167,31.156153748562712,121.47107612516658
167,31.15593256092061,121.47085364230368
167,31.1559232,121.4708873
167,31.15617420846382,121.47094224268642
168,31.155177536506447,121.47086675105167
168,31.155198501364417,121.4707332115563
169,31.154227849412372,121.47067036023316
169,31.154240182587717,121.47053728884576
170,31.153154765979252,121.47059810386966
170,31.1535209,121.4706019
170,31.1535587,121.4704669
170,31.153501193631,121.47067233580424
170,31.153155407344038,121.4704654162574
171,31.152124500699653,121.47069450782989
171,31.152107105751906,121.4705642017016
172,31.1511795,121.4708761
172,31.151185916453286,121.47073849181295
172,31.15120589283346,121.47087070071422
172,31.1514987,121.4708108
172,31.1511801,121.4707397
172,31.1514988,121.4706735
173,31.150149043828222,121.47108769154772
173,31.1505066,121.4710148
173,31.1505844,121.4708636
173,31.1504871,121.4708838
173,31.150129494651537,121.47095817810977
173,31.150497749390006,121.47095534205594
174,31.1490767,121.4713063
174,31.149180697318684,121.471285099064
174,31.14916169050498,121.47115947108077
174,31.1490577,121.4711811
174,31.1491291,121.4716977
174,31.149070184810444,121.47126336832987
175,31.148062794988792,121.4715837400602
175,31.1482146,121.4714833
175,31.148243406113806,121.47147738574164
175,31.148224537099633,121.4713543443685
175,31.1481983,121.4713598
175,31.148194793204905,121.47155710219518
175,31.147867,121.4714177
175,31.1478816,121.4715404
175,31.147893500675256,121.47161916304051
175,31.148222913913486,121.47155009581442
176,31.148227713669495,121.47268928891081
176,31.148362826508794,121.47266088951953
176,31.1479796,121.472189
176,31.148368592848705,121.47266586994088
176,31.1483405,121.472452
176,31.148049458589227,121.47272029114023
176,31.1480266,121.4725148
177,31.14840879282617,121.47390317112648
177,31.148547551112866,121.47387431966553
177,31.148528311604704,121.4738818036207
177,31.148184840035302,121.47393732546587
178,31.148582790675857,121.47506958309336
178,31.148725022187723,121.47504010239037
178,31.1486819345646,121.47505133020363
178,31.148323237780065,121.47511362683747
179,31.148738486371535,121.47611330474251
179,31.1488433,121.4762798
179,31.148817456180254,121.47627968923088
179,31.148817326084604,121.47645746577695
179,31.1488677,121.4764576
179,31.14888385060704,121.47608342411249
179,31.148819272789517,121.47609688163033
179,31.148455048451353,121.4761595579387
179,31.14847,121.4762782
179,31.1484924,121.4764566
180,31.1475648,121.4771012
180,31.14876464130681,121.47628863696387
180,31.1488433,121.4762798
180,31.14847,121.4762782
180,31.1484924,121.4764566
180,31.1488677,121.4764576
180,31.148844242495013,121.47628666785302
180,31.14848063811162,121.47636292496041
181,31.147167258877474,121.47725144601435
182,31.14561171956006,121.47678423799852
183,31.145514527122582,121.47652869557176
183,31.14479549203826,121.47584242618271
183,31.1454408,121.4771432
184,31.143709696156915,121.47611121438707
184,31.1436124,121.4761353
184,31.1434337,121.4761796
184,31.1440379,121.4774795
185,31.14265076643435,121.47638066352624
186,31.1423504,121.4764578
187,31.140617165159945,121.47714725444678
188,31.1406323,121.4761891
188,31.1406289,121.4764008
188,31.140614964443284,121.477287242272
189,31.1406557,121.4746994
189,31.1406323,121.4761891
189,31.1406289,121.4764008
189,31.140614836096542,121.47729540642216
190,31.135535,121.4774859
190,31.1353642,121.4803194
190,31.1367657,121.4802057
191,31.135535,121.4774859
191,31.1352625,121.4783139
192,31.135535,121.4774859
192,31.1352625,121.4783139
193,31.135535,121.4774859
193,31.1351412,121.4783201
194,31.1329548,121.4782644
194,31.132906012499358,121.47767067116962
195,31.1326558381525,121.47692663908661
195,31.13284335034981,121.47690809214274
195,31.132729271340434,121.47691932853431
195,31.132466982482832,121.47696031165172
196,31.132553,121.475553
196,31.132628,121.475581
196,31.132743833022168,121.47569699696943
196,31.132565095003773,121.47571455648007
196,31.13263756062117,121.47570734623045
197,31.132452447747607,121.4745235955772
197,31.132526787026535,121.47451304083509
197,31.1326616,121.4749571
197,31.132608891520036,121.4745048029317
197,31.132732451684298,121.47494790205147
198,31.13231134591222,121.4734364543963
198,31.132389797791266,121.47341555439378
198,31.13247132580759,121.47339379817741
198,31.13205753162636,121.47350375859662
199,31.132111247563248,121.47238737364839
199,31.13219296367124,121.47236547587174
199,31.13227823883639,121.4723446747915
199,31.1322044,121.4720265
199,31.1322776,121.4723415
200,31.131851694703233,121.47139458465045
200,31.131943851718287,121.47136029366477
200,31.1316112,121.4713955
200,31.1320195,121.4713174
200,31.131626447667013,121.47146047265844
200,31.13202025151117,121.4713172498938
200,31.132023626399743,121.47133322493272
201,31.13110740260664,121.4714949166125
202,31.13022042602339,121.47166994770322
203,31.128895,121.4719315
203,31.129323729682376,121.47184689683759
204,31.128413782343106,121.47202720605173
205,31.1275102058006,121.47220691214126
206,31.126572476957836,121.47239341054559
207,31.125618924992047,121.47258305590142
208,31.1250093,121.4727043
208,31.125016132449147,121.47275326690688
208,31.124710974484653,121.47276517433487
209,31.12380275243132,121.47295050013022
210,31.12287108128618,121.4731406107924
211,31.122326631916987,121.47321699870636
211,31.121912260731996,121.47333566884114
211,31.122335,121.47325
212,31.120936564435635,121.47353339537698
213,31.120013379890818,121.47372048031588
213,31.1196047,121.4738033
214,31.119040170977616,121.47390695794073
214,31.1193657,121.473837
215,31.118140872917433,121.4741002219389
216,31.117153386326567,121.47431243812743
217,31.1162032936718,121.47455529647209
217,31.1161843,121.4745207
217,31.116211355942927,121.4745148855321
218,31.115235253452063,121.47471783576204
219,31.114237070483984,121.47492517813158
220,31.113327923882593,121.47511402588461
221,31.112355029806384,121.47531611525052
222,31.11205337100168,121.4764449643338
223,31.112455469499576,121.47751994835743
223,31.112616,121.4777594
224,31.112803,121.4780366
224,31.112984834142736,121.47844030993178
225,31.113356200101727,121.4794610503514
225,31.1135321,121.4799521
225,31.11356818088399,121.47993366284005
226,31.11373298003093,121.48051297536178
226,31.1141567,121.4801619
227,31.1143297,121.4816524
227,31.11409359574739,121.48151984732164
227,31.11417108288247,121.48186321135825
227,31.11429489868467,121.4817086526179
227,31.1141112,121.481569
227,31.1140929940443,121.4815758695394
227,31.1142077,121.4818496
228,31.11312136530262,121.48225080082737
228,31.113048469222736,121.48196999355793
229,31.112121286341136,121.48260236359297
229,31.112048301841956,121.48231873125074
230,31.111242501474415,121.48290888578047
230,31.111170261983002,121.48262342854181
230,31.1115173,121.4825026
230,31.1116026,121.4827847
230,31.111520669302408,121.4825137427926
231,31.110260390190486,121.48324758268603
231,31.110188905712825,121.4829651082464
232,31.1091863,121.483618
232,31.10933138627939,121.48356796465812
232,31.109260617357712,121.48328831124677
232,31.109109,121.4833411
232,31.109118595941165,121.48337547407645
233,31.10844704458986,121.48387802655864
233,31.108374755478827,121.48359747554369
234,31.107574525712135,121.4841849273645
234,31.10750173579714,121.48390230709379
235,31.1061919,121.4846666
235,31.1063165,121.4846236
235,31.1063249,121.4843144
235,31.1061153,121.4843881
235,31.1068041,121.4841459
235,31.106127294286587,121.48443170847017
235,31.1063982,121.4845954
235,31.1066672,121.4845026
235,31.1068775,121.4844301
235,31.106601,121.4842173
235,31.106495491976055,121.48425440550209
235,31.106567164445025,121.48453711040706
235,31.106813269334076,121.48418140306191
236,31.105564628578964,121.48488114666422
236,31.10549499811627,121.48460387126308
237,31.1045389,121.4852318
237,31.104548924665973,121.48522838661415
237,31.1046552,121.4851922
237,31.1045836,121.4849209
237,31.1044819,121.4849558
237,31.10448113143957,121.48495605333301
237,31.104486840306866,121.48497972148586
237,31.104589381993325,121.48494280858645
238,31.1034823,121.4855953
238,31.10363343641258,121.48554330484008
238,31.10356220290639,121.48525895069719
239,31.102659928239472,121.48588420770676
239,31.10258299596418,121.48558171703979
240,31.101614271197445,121.48625106173797
240,31.101537355447853,121.48595973849929
240,31.1019414,121.4857932
240,31.101956621487727,121.48584536164387
241,31.100632478367448,121.4865948105516
241,31.100558351921226,121.48630642409854
242,31.099415,121.4870206
242,31.0994832,121.4869972
242,31.09961531901708,121.48695094201767
242,31.0993442,121.486735
242,31.099542051731916,121.48666582157172
242,31.0994126,121.4867116
242,31.0991432,121.487114
242,31.099419406188666,121.48673913325048
243,31.098499305814943,121.48702346587794
243,31.09857290858524,121.48731243234408
244,31.0979288,121.4872183
244,31.0978565,121.487243
244,31.097591453484977,121.48733540386247
244,31.097666343357066,121.48762842262795
245,31.096682358228673,121.48765234412872
245,31.096757231805807,121.4879453004523
245,31.0962878,121.4877899
245,31.0963748,121.4880786
245,31.096304659843092,121.48784584754829
